Workbook

Sheet Sheet1

Sheet cleaned_transactions
A1: transaction_id | B1: transaction_date | C1: merchant_name | D1: raw_amount | E1: currency | F1: status | G1: risk_score | H1: gateway_region | I1: user_id | J1: payment_method | K1: merchant_clean | L1: status_clean | M1: risk_score_clean | N1: region_clean | O1: amount_usd | P1: high_risk_flag
A2: T001 | B2: 46082 | C2: alpha mart | D2: 420000 | E2: INR | F2: captured | G2: score:62 | H2: APAC | I2: U001 | J2: UPI | K2: =PROPER(TRIM(C2)) -> Alpha Mart | L2: =IF(ISNUMBER(SEARCH("chargeback",F2)), "CHARGEBACK",IF(ISNUMBER(SEARCH("fail",F2)),"FAILED","SUCCESS")) -> SUCCESS | M2: =IFERROR(__xludf.DUMMYFUNCTION("IFERROR(VALUE(REGEXEXTRACT(G2,""\d+"")), """")"),62.0) -> 62 | N2: =UPPER(H2) -> APAC | O2: {=D2 * INDEX(rates!C:C, MATCH(1, (rates!A:A=B2)*(rates!B:B=E2), 0))} -> 4998 | P2: =IF(L2="CHARGEBACK",1,IF(M2="",0,IF(M2>=70,1,0))) -> 0
A3: T002 | B3: 46082 | C3: ALPHA MART | D3: 210000 | E3: INR | F3: Captured | G3: 55 | I3: U002 | J3: Card | K3: =PROPER(TRIM(C3)) -> Alpha Mart | L3: =IF(ISNUMBER(SEARCH("chargeback",F3)), "CHARGEBACK",IF(ISNUMBER(SEARCH("fail",F3)),"FAILED","SUCCESS")) -> SUCCESS | M3: =IFERROR(__xludf.DUMMYFUNCTION("IFERROR(VALUE(REGEXEXTRACT(G3,""\d+"")), """")"),"") | N3: =UPPER(H3) | O3: {=D3 * INDEX(rates!C:C, MATCH(1, (rates!A:A=B3)*(rates!B:B=E3), 0))} -> 2499 | P3: =IF(L3="CHARGEBACK",1,IF(M3="",0,IF(M3>=70,1,0))) -> 0
A4: T003 | B4: 46082 | C4: BETA STORES | D4: 510000 | E4: INR | F4: CAPTURED | G4: 71 | H4: APAC | I4: U003 | J4: NetBanking | K4: =PROPER(TRIM(C4)) -> Beta Stores | L4: =IF(ISNUMBER(SEARCH("chargeback",F4)), "CHARGEBACK",IF(ISNUMBER(SEARCH("fail",F4)),"FAILED","SUCCESS")) -> SUCCESS | M4: =IFERROR(__xludf.DUMMYFUNCTION("IFERROR(VALUE(REGEXEXTRACT(G4,""\d+"")), """")"),"") | N4: =UPPER(H4) -> APAC | O4: {=D4 * INDEX(rates!C:C, MATCH(1, (rates!A:A=B4)*(rates!B:B=E4), 0))} -> 6069 | P4: =IF(L4="CHARGEBACK",1,IF(M4="",0,IF(M4>=70,1,0))) -> 0
A5: T004 | B5: 46083 | C5: Beta Stores | D5: 160000 | E5: INR | F5: failed e05 timeout | G5: 68 | H5: apac | I5: U004 | J5: Card | K5: =PROPER(TRIM(C5)) -> Beta Stores | L5: =IF(ISNUMBER(SEARCH("chargeback",F5)), "CHARGEBACK",IF(ISNUMBER(SEARCH("fail",F5)),"FAILED","SUCCESS")) -> FAILED | M5: =IFERROR(__xludf.DUMMYFUNCTION("IFERROR(VALUE(REGEXEXTRACT(G5,""\d+"")), """")"),"") | N5: =UPPER(H5) -> APAC | O5: {=D5 * INDEX(rates!C:C, MATCH(1, (rates!A:A=B5)*(rates!B:B=E5), 0))} -> 1920 | P5: =IF(L5="CHARGEBACK",1,IF(M5="",0,IF(M5>=70,1,0))) -> 0
A6: T005 | B6: 46083 | C6: Alpha Mart | D6: 390000 | E6: INR | F6: CAPTURED | G6: 58 | I6: U001 | J6: UPI | K6: =PROPER(TRIM(C6)) -> Alpha Mart | L6: =IF(ISNUMBER(SEARCH("chargeback",F6)), "CHARGEBACK",IF(ISNUMBER(SEARCH("fail",F6)),"FAILED","SUCCESS")) -> SUCCESS | M6: =IFERROR(__xludf.DUMMYFUNCTION("IFERROR(VALUE(REGEXEXTRACT(G6,""\d+"")), """")"),"") | N6: =UPPER(H6) | O6: {=D6 * INDEX(rates!C:C, MATCH(1, (rates!A:A=B6)*(rates!B:B=E6), 0))} -> 4680 | P6: =IF(L6="CHARGEBACK",1,IF(M6="",0,IF(M6>=70,1,0))) -> 0
A7: T006 | B7: 46083 | C7: Beta Stores | D7: 275000 | E7: INR | F7: Captured | G7: score:64 | I7: U005 | J7: Wallet | K7: =PROPER(TRIM(C7)) -> Beta Stores | L7: =IF(ISNUMBER(SEARCH("chargeback",F7)), "CHARGEBACK",IF(ISNUMBER(SEARCH("fail",F7)),"FAILED","SUCCESS")) -> SUCCESS | M7: =IFERROR(__xludf.DUMMYFUNCTION("IFERROR(VALUE(REGEXEXTRACT(G7,""\d+"")), """")"),64.0) -> 64 | N7: =UPPER(H7) | O7: {=D7 * INDEX(rates!C:C, MATCH(1, (rates!A:A=B7)*(rates!B:B=E7), 0))} -> 3300 | P7: =IF(L7="CHARGEBACK",1,IF(M7="",0,IF(M7>=70,1,0))) -> 0
A8: T007 | B8: 46083 | C8: Alpha Mart | D8: 450000 | E8: INR | F8: chargeback | G8: risk-83 | H8: APAC | I8: U006 | J8: Card | K8: =PROPER(TRIM(C8)) -> Alpha Mart | L8: =IF(ISNUMBER(SEARCH("chargeback",F8)), "CHARGEBACK",IF(ISNUMBER(SEARCH("fail",F8)),"FAILED","SUCCESS")) -> CHARGEBACK | M8: =IFERROR(__xludf.DUMMYFUNCTION("IFERROR(VALUE(REGEXEXTRACT(G8,""\d+"")), """")"),83.0) -> 83 | N8: =UPPER(H8) -> APAC | O8: {=D8 * INDEX(rates!C:C, MATCH(1, (rates!A:A=B8)*(rates!B:B=E8), 0))} -> 5400 | P8: =IF(L8="CHARGEBACK",1,IF(M8="",0,IF(M8>=70,1,0))) -> 1
A9: T008 | B9: 46084 | C9: BETA STORES | D9: 340000 | E9: INR | F9: Captured | G9: 59 | I9: U007 | J9: UPI | K9: =PROPER(TRIM(C9)) -> Beta Stores | L9: =IF(ISNUMBER(SEARCH("chargeback",F9)), "CHARGEBACK",IF(ISNUMBER(SEARCH("fail",F9)),"FAILED","SUCCESS")) -> SUCCESS | M9: =IFERROR(__xludf.DUMMYFUNCTION("IFERROR(VALUE(REGEXEXTRACT(G9,""\d+"")), """")"),"") | N9: =UPPER(H9) | O9: {=D9 * INDEX(rates!C:C, MATCH(1, (rates!A:A=B9)*(rates!B:B=E9), 0))} -> 4114 | P9: =IF(L9="CHARGEBACK",1,IF(M9="",0,IF(M9>=70,1,0))) -> 0
A10: T009 | B10: 46084 | C10: Alpha Mart | D10: 125000 | E10: INR | F10: captured | G10: 46 | H10: APAC | I10: U002 | J10: Wallet | K10: =PROPER(TRIM(C10)) -> Alpha Mart | L10: =IF(ISNUMBER(SEARCH("chargeback",F10)), "CHARGEBACK",IF(ISNUMBER(SEARCH("fail",F10)),"FAILED","SUCCESS")) -> SUCCESS | M10: =IFERROR(__xludf.DUMMYFUNCTION("IFERROR(VALUE(REGEXEXTRACT(G10,""\d+"")), """")"),"") | N10: =UPPER(H10) -> APAC | O10: {=D10 * INDEX(rates!C:C, MATCH(1, (rates!A:A=B10)*(rates!B:B=E10), 0))} -> 1512.5 | P10: =IF(L10="CHARGEBACK",1,IF(M10="",0,IF(M10>=70,1,0))) -> 0
A11: T010 | B11: 46084 | C11: Beta Stores | D11: 610000 | E11: INR | F11: captured | G11: risk-77 | I11: U003 | J11: Card | K11: =PROPER(TRIM(C11)) -> Beta Stores | L11: =IF(ISNUMBER(SEARCH("chargeback",F11)), "CHARGEBACK",IF(ISNUMBER(SEARCH("fail",F11)),"FAILED","SUCCESS")) -> SUCCESS | M11: =IFERROR(__xludf.DUMMYFUNCTION("IFERROR(VALUE(REGEXEXTRACT(G11,""\d+"")), """")"),77.0) -> 77 | N11: =UPPER(H11) | O11: {=D11 * INDEX(rates!C:C, MATCH(1, (rates!A:A=B11)*(rates!B:B=E11), 0))} -> 7381 | P11: =IF(L11="CHARGEBACK",1,IF(M11="",0,IF(M11>=70,1,0))) -> 1
A12: T011 | B12: 46084 | C12: Alpha Mart | D12: 195000 | E12: INR | F12: FAILED e05 TIMEOUT | I12: U008 | J12: UPI | K12: =PROPER(TRIM(C12)) -> Alpha Mart | L12: =IF(ISNUMBER(SEARCH("chargeback",F12)), "CHARGEBACK",IF(ISNUMBER(SEARCH("fail",F12)),"FAILED","SUCCESS")) -> FAILED | M12: =IFERROR(__xludf.DUMMYFUNCTION("IFERROR(VALUE(REGEXEXTRACT(G12,""\d+"")), """")"),"") | N12: =UPPER(H12) | O12: {=D12 * INDEX(rates!C:C, MATCH(1, (rates!A:A=B12)*(rates!B:B=E12), 0))} -> 2359.5 | P12: =IF(L12="CHARGEBACK",1,IF(M12="",0,IF(M12>=70,1,0))) -> 0
A13: T012 | B13: 46085 | C13: Beta Stores | D13: 250000 | E13: INR | F13: captured | G13: risk-61 | H13: APAC | I13: U009 | J13: Card | K13: =PROPER(TRIM(C13)) -> Beta Stores | L13: =IF(ISNUMBER(SEARCH("chargeback",F13)), "CHARGEBACK",IF(ISNUMBER(SEARCH("fail",F13)),"FAILED","SUCCESS")) -> SUCCESS | M13: =IFERROR(__xludf.DUMMYFUNCTION("IFERROR(VALUE(REGEXEXTRACT(G13,""\d+"")), """")"),61.0) -> 61 | N13: =UPPER(H13) -> APAC | O13: {=D13 * INDEX(rates!C:C, MATCH(1, (rates!A:A=B13)*(rates!B:B=E13), 0))} -> 3000 | P13: =IF(L13="CHARGEBACK",1,IF(M13="",0,IF(M13>=70,1,0))) -> 0
A14: T013 | B14: 46085 | C14: alpha mart | D14: 310000 | E14: INR | F14: captured | G14: score:54 | H14: APAC | I14: U010 | J14: UPI | K14: =PROPER(TRIM(C14)) -> Alpha Mart | L14: =IF(ISNUMBER(SEARCH("chargeback",F14)), "CHARGEBACK",IF(ISNUMBER(SEARCH("fail",F14)),"FAILED","SUCCESS")) -> SUCCESS | M14: =IFERROR(__xludf.DUMMYFUNCTION("IFERROR(VALUE(REGEXEXTRACT(G14,""\d+"")), """")"),54.0) -> 54 | N14: =UPPER(H14) -> APAC | O14: {=D14 * INDEX(rates!C:C, MATCH(1, (rates!A:A=B14)*(rates!B:B=E14), 0))} -> 3720 | P14: =IF(L14="CHARGEBACK",1,IF(M14="",0,IF(M14>=70,1,0))) -> 0
A15: T014 | B15: 46085 | C15: Beta Stores | D15: 470000 | E15: INR | F15: captured | G15: risk-73 | H15: APAC | I15: U001 | J15: NetBanking | K15: =PROPER(TRIM(C15)) -> Beta Stores | L15: =IF(ISNUMBER(SEARCH("chargeback",F15)), "CHARGEBACK",IF(ISNUMBER(SEARCH("fail",F15)),"FAILED","SUCCESS")) -> SUCCESS | M15: =IFERROR(__xludf.DUMMYFUNCTION("IFERROR(VALUE(REGEXEXTRACT(G15,""\d+"")), """")"),73.0) -> 73 | N15: =UPPER(H15) -> APAC | O15: {=D15 * INDEX(rates!C:C, MATCH(1, (rates!A:A=B15)*(rates!B:B=E15), 0))} -> 5640 | P15: =IF(L15="CHARGEBACK",1,IF(M15="",0,IF(M15>=70,1,0))) -> 1
A16: T015 | B16: 46085 | C16: Alpha Mart | D16: 130000 | E16: INR | F16: captured | G16: score:52 | I16: U002 | J16: Card | K16: =PROPER(TRIM(C16)) -> Alpha Mart | L16: =IF(ISNUMBER(SEARCH("chargeback",F16)), "CHARGEBACK",IF(ISNUMBER(SEARCH("fail",F16)),"FAILED","SUCCESS")) -> SUCCESS | M16: =IFERROR(__xludf.DUMMYFUNCTION("IFERROR(VALUE(REGEXEXTRACT(G16,""\d+"")), """")"),52.0) -> 52 | N16: =UPPER(H16) | O16: {=D16 * INDEX(rates!C:C, MATCH(1, (rates!A:A=B16)*(rates!B:B=E16), 0))} -> 1560 | P16: =IF(L16="CHARGEBACK",1,IF(M16="",0,IF(M16>=70,1,0))) -> 0
A17: T016 | B17: 46086 | C17: Beta Stores | D17: 220000 | E17: INR | F17: failed E05 timeout | G17: risk-69 | I17: U008 | J17: Card | K17: =PROPER(TRIM(C17)) -> Beta Stores | L17: =IF(ISNUMBER(SEARCH("chargeback",F17)), "CHARGEBACK",IF(ISNUMBER(SEARCH("fail",F17)),"FAILED","SUCCESS")) -> FAILED | M17: =IFERROR(__xludf.DUMMYFUNCTION("IFERROR(VALUE(REGEXEXTRACT(G17,""\d+"")), """")"),69.0) -> 69 | N17: =UPPER(H17) | O17: {=D17 * INDEX(rates!C:C, MATCH(1, (rates!A:A=B17)*(rates!B:B=E17), 0))} -> 2596 | P17: =IF(L17="CHARGEBACK",1,IF(M17="",0,IF(M17>=70,1,0))) -> 0
A18: T017 | B18: 46086 | C18: Beta Stores | D18: 180000 | E18: INR | F18: Failed E05 Timeout | G18: score:72 | H18: apac | I18: U008 | J18: Card | K18: =PROPER(TRIM(C18)) -> Beta Stores | L18: =IF(ISNUMBER(SEARCH("chargeback",F18)), "CHARGEBACK",IF(ISNUMBER(SEARCH("fail",F18)),"FAILED","SUCCESS")) -> FAILED | M18: =IFERROR(__xludf.DUMMYFUNCTION("IFERROR(VALUE(REGEXEXTRACT(G18,""\d+"")), """")"),72.0) -> 72 | N18: =UPPER(H18) -> APAC | O18: {=D18 * INDEX(rates!C:C, MATCH(1, (rates!A:A=B18)*(rates!B:B=E18), 0))} -> 2124 | P18: =IF(L18="CHARGEBACK",1,IF(M18="",0,IF(M18>=70,1,0))) -> 1
A19: T018 | B19: 46086 | C19: BETA STORES | D19: 145000 | E19: INR | F19: chargeback | G19: risk-86 | H19: APAC | I19: U008 | J19: UPI | K19: =PROPER(TRIM(C19)) -> Beta Stores | L19: =IF(ISNUMBER(SEARCH("chargeback",F19)), "CHARGEBACK",IF(ISNUMBER(SEARCH("fail",F19)),"FAILED","SUCCESS")) -> CHARGEBACK | M19: =IFERROR(__xludf.DUMMYFUNCTION("IFERROR(VALUE(REGEXEXTRACT(G19,""\d+"")), """")"),86.0) -> 86 | N19: =UPPER(H19) -> APAC | O19: {=D19 * INDEX(rates!C:C, MATCH(1, (rates!A:A=B19)*(rates!B:B=E19), 0))} -> 1711 | P19: =IF(L19="CHARGEBACK",1,IF(M19="",0,IF(M19>=70,1,0))) -> 1
A20: T019 | B20: 46086 | C20: Alpha Mart | D20: 260000 | E20: INR | F20: Failed E05 Timeout | G20: score:67 | H20: apac | I20: U008 | J20: Wallet | K20: =PROPER(TRIM(C20)) -> Alpha Mart | L20: =IF(ISNUMBER(SEARCH("chargeback",F20)), "CHARGEBACK",IF(ISNUMBER(SEARCH("fail",F20)),"FAILED","SUCCESS")) -> FAILED | M20: =IFERROR(__xludf.DUMMYFUNCTION("IFERROR(VALUE(REGEXEXTRACT(G20,""\d+"")), """")"),67.0) -> 67 | N20: =UPPER(H20) -> APAC | O20: {=D20 * INDEX(rates!C:C, MATCH(1, (rates!A:A=B20)*(rates!B:B=E20), 0))} -> 3068 | P20: =IF(L20="CHARGEBACK",1,IF(M20="",0,IF(M20>=70,1,0))) -> 0
A21: T020 | B21: 46086 | C21: Alpha Mart | D21: 520000 | E21: INR | F21: Captured | G21: 75 | H21: APAC | I21: U005 | J21: UPI | K21: =PROPER(TRIM(C21)) -> Alpha Mart | L21: =IF(ISNUMBER(SEARCH("chargeback",F21)), "CHARGEBACK",IF(ISNUMBER(SEARCH("fail",F21)),"FAILED","SUCCESS")) -> SUCCESS | M21: =IFERROR(__xludf.DUMMYFUNCTION("IFERROR(VALUE(REGEXEXTRACT(G21,""\d+"")), """")"),"") | N21: =UPPER(H21) -> APAC | O21: {=D21 * INDEX(rates!C:C, MATCH(1, (rates!A:A=B21)*(rates!B:B=E21), 0))} -> 6136 | P21: =IF(L21="CHARGEBACK",1,IF(M21="",0,IF(M21>=70,1,0))) -> 0
A22: T021 | B22: 46087 | C22: beta stores | D22: 330000 | E22: INR | F22: captured | G22: score:63 | I22: U006 | J22: Card | K22: =PROPER(TRIM(C22)) -> Beta Stores | L22: =IF(ISNUMBER(SEARCH("chargeback",F22)), "CHARGEBACK",IF(ISNUMBER(SEARCH("fail",F22)),"FAILED","SUCCESS")) -> SUCCESS | M22: =IFERROR(__xludf.DUMMYFUNCTION("IFERROR(VALUE(REGEXEXTRACT(G22,""\d+"")), """")"),63.0) -> 63 | N22: =UPPER(H22) | O22: {=D22 * INDEX(rates!C:C, MATCH(1, (rates!A:A=B22)*(rates!B:B=E22), 0))} -> 3927 | P22: =IF(L22="CHARGEBACK",1,IF(M22="",0,IF(M22>=70,1,0))) -> 0
A23: T022 | B23: 46087 | C23: ALPHA MART | D23: 410000 | E23: INR | F23: captured | G23: 60 | H23: APAC | I23: U007 | J23: UPI | K23: =PROPER(TRIM(C23)) -> Alpha Mart | L23: =IF(ISNUMBER(SEARCH("chargeback",F23)), "CHARGEBACK",IF(ISNUMBER(SEARCH("fail",F23)),"FAILED","SUCCESS")) -> SUCCESS | M23: =IFERROR(__xludf.DUMMYFUNCTION("IFERROR(VALUE(REGEXEXTRACT(G23,""\d+"")), """")"),"") | N23: =UPPER(H23) -> APAC | O23: {=D23 * INDEX(rates!C:C, MATCH(1, (rates!A:A=B23)*(rates!B:B=E23), 0))} -> 4879 | P23: =IF(L23="CHARGEBACK",1,IF(M23="",0,IF(M23>=70,1,0))) -> 0
A24: T023 | B24: 46082 | C24: City Pharma | D24: 5200 | E24: EUR | F24: Captured | G24: 42 | H24: EU | I24: U003 | J24: Card | K24: =PROPER(TRIM(C24)) -> City Pharma | L24: =IF(ISNUMBER(SEARCH("chargeback",F24)), "CHARGEBACK",IF(ISNUMBER(SEARCH("fail",F24)),"FAILED","SUCCESS")) -> SUCCESS | M24: =IFERROR(__xludf.DUMMYFUNCTION("IFERROR(VALUE(REGEXEXTRACT(G24,""\d+"")), """")"),"") | N24: =UPPER(H24) -> EU | O24: {=D24 * INDEX(rates!C:C, MATCH(1, (rates!A:A=B24)*(rates!B:B=E24), 0))} -> 5616 | P24: =IF(L24="CHARGEBACK",1,IF(M24="",0,IF(M24>=70,1,0))) -> 0
A25: T024 | B25: 46083 | C25: Eco Home | D25: 6100 | E25: EUR | F25: chargeback | G25: score:65 | H25: EU | I25: U004 | J25: Card | K25: =PROPER(TRIM(C25)) -> Eco Home | L25: =IF(ISNUMBER(SEARCH("chargeback",F25)), "CHARGEBACK",IF(ISNUMBER(SEARCH("fail",F25)),"FAILED","SUCCESS")) -> CHARGEBACK | M25: =IFERROR(__xludf.DUMMYFUNCTION("IFERROR(VALUE(REGEXEXTRACT(G25,""\d+"")), """")"),65.0) -> 65 | N25: =UPPER(H25) -> EU | O25: {=D25 * INDEX(rates!C:C, MATCH(1, (rates!A:A=B25)*(rates!B:B=E25), 0))} -> 6649 | P25: =IF(L25="CHARGEBACK",1,IF(M25="",0,IF(M25>=70,1,0))) -> 1
A26: T025 | B26: 46084 | C26: City Pharma | D26: 2800 | E26: EUR | F26: captured | G26: 38 | H26: eu | I26: U005 | J26: Wallet | K26: =PROPER(TRIM(C26)) -> City Pharma | L26: =IF(ISNUMBER(SEARCH("chargeback",F26)), "CHARGEBACK",IF(ISNUMBER(SEARCH("fail",F26)),"FAILED","SUCCESS")) -> SUCCESS | M26: =IFERROR(__xludf.DUMMYFUNCTION("IFERROR(VALUE(REGEXEXTRACT(G26,""\d+"")), """")"),"") | N26: =UPPER(H26) -> EU | O26: {=D26 * INDEX(rates!C:C, MATCH(1, (rates!A:A=B26)*(rates!B:B=E26), 0))} -> 3024 | P26: =IF(L26="CHARGEBACK",1,IF(M26="",0,IF(M26>=70,1,0))) -> 0
A27: T026 | B27: 46086 | C27: Eco Home | D27: 3300 | E27: EUR | F27: Failed E05 Timeout | G27: 44 | H27: EU | I27: U006 | J27: NetBanking | K27: =PROPER(TRIM(C27)) -> Eco Home | L27: =IF(ISNUMBER(SEARCH("chargeback",F27)), "CHARGEBACK",IF(ISNUMBER(SEARCH("fail",F27)),"FAILED","SUCCESS")) -> FAILED | M27: =IFERROR(__xludf.DUMMYFUNCTION("IFERROR(VALUE(REGEXEXTRACT(G27,""\d+"")), """")"),"") | N27: =UPPER(H27) -> EU | O27: {=D27 * INDEX(rates!C:C, MATCH(1, (rates!A:A=B27)*(rates!B:B=E27), 0))} -> 3597 | P27: =IF(L27="CHARGEBACK",1,IF(M27="",0,IF(M27>=70,1,0))) -> 0
A28: T027 | B28: 46082 | C28: DELTA TRAVELS | D28: 7200 | E28: USD | F28: captured | G28: 49 | H28: us | I28: U007 | J28: Card | K28: =PROPER(TRIM(C28)) -> Delta Travels | L28: =IF(ISNUMBER(SEARCH("chargeback",F28)), "CHARGEBACK",IF(ISNUMBER(SEARCH("fail",F28)),"FAILED","SUCCESS")) -> SUCCESS | M28: =IFERROR(__xludf.DUMMYFUNCTION("IFERROR(VALUE(REGEXEXTRACT(G28,""\d+"")), """")"),"") | N28: =UPPER(H28) -> US | O28: {=D28 * INDEX(rates!C:C, MATCH(1, (rates!A:A=B28)*(rates!B:B=E28), 0))} -> 7200 | P28: =IF(L28="CHARGEBACK",1,IF(M28="",0,IF(M28>=70,1,0))) -> 0
A29: T028 | B29: 46083 | C29: Delta Travels | D29: 3100 | E29: USD | F29: CAPTURED | G29: risk-41 | H29: US | I29: U008 | J29: Card | K29: =PROPER(TRIM(C29)) -> Delta Travels | L29: =IF(ISNUMBER(SEARCH("chargeback",F29)), "CHARGEBACK",IF(ISNUMBER(SEARCH("fail",F29)),"FAILED","SUCCESS")) -> SUCCESS | M29: =IFERROR(__xludf.DUMMYFUNCTION("IFERROR(VALUE(REGEXEXTRACT(G29,""\d+"")), """")"),41.0) -> 41 | N29: =UPPER(H29) -> US | O29: {=D29 * INDEX(rates!C:C, MATCH(1, (rates!A:A=B29)*(rates!B:B=E29), 0))} -> 3100 | P29: =IF(L29="CHARGEBACK",1,IF(M29="",0,IF(M29>=70,1,0))) -> 0
A30: T029 | B30: 46085 | C30: delta travels | D30: 2500 | E30: USD | F30: chargeback | G30: score:58 | H30: US | I30: U009 | J30: Wallet | K30: =PROPER(TRIM(C30)) -> Delta Travels | L30: =IF(ISNUMBER(SEARCH("chargeback",F30)), "CHARGEBACK",IF(ISNUMBER(SEARCH("fail",F30)),"FAILED","SUCCESS")) -> CHARGEBACK | M30: =IFERROR(__xludf.DUMMYFUNCTION("IFERROR(VALUE(REGEXEXTRACT(G30,""\d+"")), """")"),58.0) -> 58 | N30: =UPPER(H30) -> US | O30: {=D30 * INDEX(rates!C:C, MATCH(1, (rates!A:A=B30)*(rates!B:B=E30), 0))} -> 2500 | P30: =IF(L30="CHARGEBACK",1,IF(M30="",0,IF(M30>=70,1,0))) -> 1
A31: T030 | B31: 46087 | C31: DELTA TRAVELS | D31: 1800 | E31: USD | F31: Failed E05 Timeout | G31: score:47 | H31: US | I31: U010 | J31: UPI | K31: =PROPER(TRIM(C31)) -> Delta Travels | L31: =IF(ISNUMBER(SEARCH("chargeback",F31)), "CHARGEBACK",IF(ISNUMBER(SEARCH("fail",F31)),"FAILED","SUCCESS")) -> FAILED | M31: =IFERROR(__xludf.DUMMYFUNCTION("IFERROR(VALUE(REGEXEXTRACT(G31,""\d+"")), """")"),47.0) -> 47 | N31: =UPPER(H31) -> US | O31: {=D31 * INDEX(rates!C:C, MATCH(1, (rates!A:A=B31)*(rates!B:B=E31), 0))} -> 1800 | P31: =IF(L31="CHARGEBACK",1,IF(M31="",0,IF(M31>=70,1,0))) -> 0

Sheet merchant_risk_summary

Sheet Sheet2

Sheet rates
A1: rate_date | B1: currency | C1: usd_rate
A2: 46082 | B2: INR | C2: 0.0119
A3: 46082 | B3: EUR | C3: 1.08
A4: 46082 | B4: USD | C4: 1
A5: 46083 | B5: INR | C5: 0.012
A6: 46083 | B6: EUR | C6: 1.09
A7: 46083 | B7: USD | C7: 1
A8: 46084 | B8: INR | C8: 0.0121
A9: 46084 | B9: EUR | C9: 1.08
A10: 46084 | B10: USD | C10: 1
A11: 46085 | B11: INR | C11: 0.012
A12: 46085 | B12: EUR | C12: 1.07
A13: 46085 | B13: USD | C13: 1
... A19: 46087 | B19: USD | C19: 1
